date,ship,arrival,departure,cruiseline
2027-08-03,Celebrity Constellation,07:00,18:00,Celebrity Cruises
2027-08-06,Europa 2,08:00,24:00,Hapag Lloyd
2027-08-07,Celebrity Constellation,07:00,18:00,Celebrity Cruises
2027-08-08,Celebrity Equinox,07:00,18:00,Celebrity Cruises
2027-08-09,Celebrity Xcel,08:00,19:00,Celebrity Cruises
2027-08-10,Silver Shadow,08:00,19:00,Silversea
2027-08-12,SeaDream II,tbc,tbc,SeaDream Yacht Club
2027-08-16,Silver Ray,08:00,19:00,Silversea
2027-08-18,Explora I,17:30,23:55,Explora Journeys
2027-08-19,SeaDream II,tbc,tbc,SeaDream Yacht Club
2027-08-24,Celebrity Constellation,07:00,18:00,Celebrity Cruises
2027-08-26,Silver Ray,08:00,19:00,Silversea
2027-08-27,Seven Seas Mariner,08:00,17:00,Regent Seven Seas
2027-08-29,Celebrity Constellation,07:00,18:00,Celebrity Cruises
2027-08-30,Celebrity Xcel,08:00,19:00,Celebrity Cruises
